#is_only_one,#is_dominate,sum
163,888,1216
0.134046053,0.730263158,
